maintenance_id,machine_id,maintenance_type,failure_code,work_order_open_date,work_order_close_date,downtime_hours,technician_empid,parts_consumed,resolution_notes,pm_scheduled_date,pm_completed_date,days_overdue
MNT-001249,MCH-012,UNPLANNED_REPAIR,OPERATOR_INDUCED,2023-01-02 16:00:00,2023-01-03 14:12:00,22.2,1074,Fixture clamp; Probe stylus,"Corrected setup fault, reviewed procedure with the assigned operator.",,,
MNT-000339,MCH-004,INSPECTION,,2023-01-03 15:00:00,2023-01-03 16:06:00,1.1,1037,Inspection consumables,"Completed condition inspection, no corrective action required.",,,
MNT-000217,MCH-003,UNPLANNED_REPAIR,TOOLING,2023-01-04 06:15:00,2023-01-04 10:15:00,4.0,1051,Insert set,Replaced worn tooling and confirmed first-article dimensions within tolerance.,,,
MNT-001065,MCH-011,UNPLANNED_REPAIR,TOOLING,2023-01-05 10:30:00,2023-01-06 13:30:00,27.0,1092,Collet; Tool holder; Insert set,Replaced worn tooling and confirmed first-article dimensions within tolerance.,,,
MNT-000801,MCH-008,INSPECTION,,2023-01-06 15:00:00,2023-01-06 15:48:00,0.8,1037,Inspection consumables,"Completed condition inspection, no corrective action required.",,,
MNT-000149,MCH-002,INSPECTION,,2023-01-09 15:00:00,2023-01-09 16:06:00,1.1,1037,Inspection consumables,"Completed condition inspection, no corrective action required.",,,
MNT-000900,MCH-009,INSPECTION,,2023-01-09 15:00:00,2023-01-09 16:18:00,1.3,1037,Inspection consumables,"Completed condition inspection, no corrective action required.",,,
MNT-000123,MCH-002,UNPLANNED_REPAIR,MECHANICAL,2023-01-13 09:00:00,2023-01-14 08:54:00,23.9,1037,Ball screw; Spindle bearing; Way cover,"Serviced mechanical assembly, verified alignment and runout on completion.",,,
MNT-000608,MCH-007,UNPLANNED_REPAIR,ELECTRICAL,2023-01-13 14:15:00,2023-01-13 19:27:00,5.2,1051,Contactor; Servo amplifier,"Repaired electrical fault, tested control response through full axis travel.",,,
MNT-001291,MCH-012,INSPECTION,,2023-01-14 15:00:00,2023-01-14 16:30:00,1.5,1092,Inspection consumables,"Completed condition inspection, no corrective action required.",,,
MNT-000700,MCH-007,INSPECTION,,2023-01-15 15:00:00,2023-01-15 16:30:00,1.5,1051,Inspection consumables,"Completed condition inspection, no corrective action required.",,,
MNT-000968,MCH-010,UNPLANNED_REPAIR,MECHANICAL,2023-01-15 17:45:00,2023-01-16 08:45:00,15.0,1037,Ball screw; Way cover,"Serviced mechanical assembly, verified alignment and runout on completion.",,,
MNT-000442,MCH-005,INSPECTION,,2023-01-16 15:00:00,2023-01-16 15:42:00,0.7,1074,Inspection consumables,"Completed condition inspection, no corrective action required.",,,
MNT-000540,MCH-006,INSPECTION,,2023-01-16 15:00:00,2023-01-16 15:48:00,0.8,1051,Inspection consumables,"Completed condition inspection, no corrective action required.",,,
MNT-001066,MCH-011,UNPLANNED_REPAIR,TOOLING,2023-01-17 11:00:00,2023-01-18 18:42:00,31.7,1092,Collet; Insert set; Tool holder,Replaced worn tooling and confirmed first-article dimensions within tolerance.,,,
MNT-000407,MCH-005,UNPLANNED_REPAIR,ELECTRICAL,2023-01-18 19:30:00,2023-01-18 23:48:00,4.3,1051,Contactor,"Repaired electrical fault, tested control response through full axis travel.",,,
MNT-000609,MCH-007,UNPLANNED_REPAIR,MECHANICAL,2023-01-19 08:45:00,2023-01-19 18:27:00,9.7,1037,Way cover; Drive belt,"Serviced mechanical assembly, verified alignment and runout on completion.",,,
MNT-001037,MCH-011,PLANNED_PM,,2023-01-20 07:00:00,2023-01-20 11:12:00,4.2,1051,Way lube,Completed scheduled preventive maintenance per equipment checklist.,2023-01-25,2023-01-20,-5.0
MNT-000285,MCH-004,PLANNED_PM,,2023-01-21 07:00:00,2023-01-21 11:00:00,4.0,1037,Air filter; Way lube,Completed scheduled preventive maintenance per equipment checklist.,2023-01-21,2023-01-21,0.0
MNT-000841,MCH-009,PLANNED_PM,,2023-01-21 07:00:00,2023-01-21 11:42:00,4.7,1074,Coolant filter,Completed scheduled preventive maintenance per equipment checklist.,,2023-01-21,
MNT-001182,MCH-011,INSPECTION,,2023-01-24 15:00:00,2023-01-24 16:00:00,1.0,1037,Inspection consumables,"Completed condition inspection, no corrective action required.",,,
MNT-000056,MCH-001,INSPECTION,,2023-01-25 15:00:00,2023-01-25 16:00:00,1.0,1092,Inspection consumables,"Completed condition inspection, no corrective action required.",,,
MNT-000313,MCH-004,UNPLANNED_REPAIR,ENVIRONMENTAL,2023-01-25 16:45:00,2023-01-25 22:03:00,5.3,1092,Seal kit,"Cleared coolant and filtration issue, restored fluid levels to spec.",,,
MNT-000379,MCH-005,PLANNED_PM,,2023-01-26 07:00:00,2023-01-26 11:54:00,4.9,1074,Way lube; Air filter,Completed scheduled preventive maintenance per equipment checklist.,2023-01-28,2023-01-26,-2.0
MNT-000246,MCH-003,INSPECTION,,2023-01-26 15:00:00,2023-01-26 16:36:00,1.6,1051,Inspection consumables,"Completed condition inspection, no corrective action required.",,,
MNT-000510,MCH-006,UNPLANNED_REPAIR,ELECTRICAL,2023-01-29 07:45:00,2023-01-30 03:27:00,19.7,1074,Control fuse; Encoder,"Repaired electrical fault, tested control response through full axis travel.",,,
MNT-000998,MCH-010,INSPECTION,,2023-01-29 15:00:00,2023-01-29 16:48:00,1.8,1051,Inspection consumables,"Completed condition inspection, no corrective action required.",,,
MNT-001250,MCH-012,UNPLANNED_REPAIR,ELECTRICAL,2023-01-31 06:15:00,2023-02-01 02:45:00,20.5,1092,Control fuse,"Repaired electrical fault, tested control response through full axis travel.",,,
MNT-000610,MCH-007,UNPLANNED_REPAIR,TOOLING,2023-01-31 19:00:00,2023-02-01 13:18:00,18.3,1037,Tool holder; Insert set; Collet,Replaced worn tooling and confirmed first-article dimensions within tolerance.,,,
MNT-001067,MCH-011,UNPLANNED_REPAIR,MECHANICAL,2023-02-01 10:15:00,2023-02-02 16:27:00,30.2,1092,Drive belt; Ball screw,"Serviced mechanical assembly, verified alignment and runout on completion.",,,
MNT-000340,MCH-004,INSPECTION,,2023-02-02 15:00:00,2023-02-02 17:00:00,2.0,1051,Inspection consumables,"Completed condition inspection, no corrective action required.",,,
MNT-000768,MCH-008,UNPLANNED_REPAIR,TOOLING,2023-02-03 14:00:00,2023-02-04 02:12:00,12.2,1051,Collet; Tool holder; Insert set,Replaced worn tooling and confirmed first-article dimensions within tolerance.,,,
MNT-000869,MCH-009,UNPLANNED_REPAIR,TOOLING,2023-02-04 20:00:00,2023-02-05 04:24:00,8.4,1092,Insert set,Replaced worn tooling and confirmed first-article dimensions within tolerance.,,,
MNT-000802,MCH-008,INSPECTION,,2023-02-05 15:00:00,2023-02-05 16:06:00,1.1,1037,Inspection consumables,"Completed condition inspection, no corrective action required.",,,
MNT-000940,MCH-010,PLANNED_PM,,2023-02-06 07:00:00,2023-02-06 11:00:00,4.0,1092,Air filter; Way lube,Completed scheduled preventive maintenance per equipment checklist.,2023-02-07,2023-02-06,-1.0
MNT-000001,MCH-001,PLANNED_PM,,2023-02-07 07:00:00,2023-02-07 09:54:00,2.9,1092,Air filter,Completed scheduled preventive maintenance per equipment checklist.,2023-02-11,2023-02-07,-4.0
MNT-000740,MCH-008,PLANNED_PM,,2023-02-07 07:00:00,2023-02-07 12:00:00,5.0,1074,Air filter; Way lube,Completed scheduled preventive maintenance per equipment checklist.,2023-01-16,2023-02-07,22.0
MNT-001221,MCH-012,PLANNED_PM,,2023-02-07 07:00:00,2023-02-07 10:24:00,3.4,1051,Way lube,Completed scheduled preventive maintenance per equipment checklist.,2023-01-12,2023-02-07,26.0
MNT-000150,MCH-002,INSPECTION,,2023-02-08 15:00:00,2023-02-08 16:36:00,1.6,1092,Inspection consumables,"Completed condition inspection, no corrective action required.",,,
MNT-000901,MCH-009,INSPECTION,,2023-02-08 15:00:00,2023-02-08 16:00:00,1.0,1051,Inspection consumables,"Completed condition inspection, no corrective action required.",,,
MNT-001068,MCH-011,UNPLANNED_REPAIR,TOOLING,2023-02-09 19:00:00,2023-02-10 18:18:00,23.3,1092,Collet; Insert set; Tool holder,Replaced worn tooling and confirmed first-article dimensions within tolerance.,,,
MNT-000969,MCH-010,UNPLANNED_REPAIR,TOOLING,2023-02-12 16:45:00,2023-02-13 09:21:00,16.6,1092,Collet; Insert set,Replaced worn tooling and confirmed first-article dimensions within tolerance.,,,
MNT-001292,MCH-012,INSPECTION,,2023-02-13 15:00:00,2023-02-13 16:30:00,1.5,1037,Inspection consumables,"Completed condition inspection, no corrective action required.",,,
MNT-000701,MCH-007,INSPECTION,,2023-02-14 15:00:00,2023-02-14 16:12:00,1.2,1037,Inspection consumables,"Completed condition inspection, no corrective action required.",,,
MNT-000482,MCH-006,PLANNED_PM,,2023-02-15 07:00:00,2023-02-15 12:18:00,5.3,1037,Coolant filter; Way lube,Completed scheduled preventive maintenance per equipment checklist.,2023-01-26,2023-02-15,20.0
MNT-000443,MCH-005,INSPECTION,,2023-02-15 15:00:00,2023-02-15 17:00:00,2.0,1092,Inspection consumables,"Completed condition inspection, no corrective action required.",,,
MNT-000541,MCH-006,INSPECTION,,2023-02-15 15:00:00,2023-02-15 17:00:00,2.0,1074,Inspection consumables,"Completed condition inspection, no corrective action required.",,,
MNT-000029,MCH-001,UNPLANNED_REPAIR,MECHANICAL,2023-02-15 17:45:00,2023-02-16 11:57:00,18.2,1051,Way cover; Spindle bearing,"Serviced mechanical assembly, verified alignment and runout on completion.",,,
MNT-001251,MCH-012,UNPLANNED_REPAIR,MECHANICAL,2023-02-15 18:45:00,2023-02-16 14:27:00,19.7,1037,Ball screw,"Serviced mechanical assembly, verified alignment and runout on completion.",,,
MNT-000611,MCH-007,UNPLANNED_REPAIR,MECHANICAL,2023-02-16 11:45:00,2023-02-16 18:09:00,6.4,1074,Drive belt,"Serviced mechanical assembly, verified alignment and runout on completion.",,,
MNT-000218,MCH-003,UNPLANNED_REPAIR,MECHANICAL,2023-02-16 15:45:00,2023-02-17 07:51:00,16.1,1092,Ball screw; Spindle bearing; Way cover,"Serviced mechanical assembly, verified alignment and runout on completion.",,,
MNT-000769,MCH-008,UNPLANNED_REPAIR,MECHANICAL,2023-02-19 06:30:00,2023-02-19 15:42:00,9.2,1092,Spindle bearing,"Serviced mechanical assembly, verified alignment and runout on completion.",,,
MNT-000189,MCH-003,PLANNED_PM,,2023-02-20 07:00:00,2023-02-20 12:48:00,5.8,1037,Air filter,Completed scheduled preventive maintenance per equipment checklist.,2023-02-07,2023-02-20,13.0
MNT-001069,MCH-011,UNPLANNED_REPAIR,MECHANICAL,2023-02-22 15:15:00,2023-02-23 20:27:00,29.2,1074,Drive belt; Ball screw,"Serviced mechanical assembly, verified alignment and runout on completion.",,,
MNT-001222,MCH-012,PLANNED_PM,,2023-02-23 07:00:00,2023-02-23 09:54:00,2.9,1051,Coolant filter,Completed scheduled preventive maintenance per equipment checklist.,2023-02-23,2023-02-23,0.0
MNT-001183,MCH-011,INSPECTION,,2023-02-23 15:00:00,2023-02-23 16:18:00,1.3,1037,Inspection consumables,"Completed condition inspection, no corrective action required.",,,
MNT-000057,MCH-001,INSPECTION,,2023-02-24 15:00:00,2023-02-24 15:54:00,0.9,1037,Inspection consumables,"Completed condition inspection, no corrective action required.",,,
MNT-000247,MCH-003,INSPECTION,,2023-02-25 15:00:00,2023-02-25 16:18:00,1.3,1051,Inspection consumables,"Completed condition inspection, no corrective action required.",,,
MNT-000095,MCH-002,PLANNED_PM,,2023-02-27 07:00:00,2023-02-27 09:00:00,2.0,1074,Coolant filter,Completed scheduled preventive maintenance per equipment checklist.,2023-02-10,2023-02-27,17.0
MNT-000999,MCH-010,INSPECTION,,2023-02-28 15:00:00,2023-02-28 16:00:00,1.0,1037,Inspection consumables,"Completed condition inspection, no corrective action required.",,,
MNT-000408,MCH-005,UNPLANNED_REPAIR,TOOLING,2023-02-28 17:30:00,2023-02-28 22:42:00,5.2,1092,Collet,Replaced worn tooling and confirmed first-article dimensions within tolerance.,,,
MNT-000286,MCH-004,PLANNED_PM,,2023-03-03 07:00:00,2023-03-03 10:30:00,3.5,1074,Air filter,Completed scheduled preventive maintenance per equipment checklist.,2023-03-04,2023-03-03,-1.0
MNT-000612,MCH-007,UNPLANNED_REPAIR,ELECTRICAL,2023-03-03 13:00:00,2023-03-04 20:36:00,31.6,1051,Contactor; Encoder,"Repaired electrical fault, tested control response through full axis travel.",,,
MNT-000580,MCH-007,PLANNED_PM,,2023-03-04 07:00:00,2023-03-04 10:36:00,3.6,1051,Air filter,Completed scheduled preventive maintenance per equipment checklist.,2023-02-12,2023-03-04,20.0
MNT-000341,MCH-004,INSPECTION,,2023-03-04 15:00:00,2023-03-04 15:36:00,0.6,1037,Inspection consumables,"Completed condition inspection, no corrective action required.",,,
MNT-001070,MCH-011,UNPLANNED_REPAIR,TOOLING,2023-03-05 08:00:00,2023-03-05 18:48:00,10.8,1037,Tool holder; Insert set; Collet,Replaced worn tooling and confirmed first-article dimensions within tolerance.,,,
MNT-000803,MCH-008,INSPECTION,,2023-03-07 15:00:00,2023-03-07 16:12:00,1.2,1074,Inspection consumables,"Completed condition inspection, no corrective action required.",,,
MNT-001252,MCH-012,UNPLANNED_REPAIR,ELECTRICAL,2023-03-08 15:15:00,2023-03-09 05:45:00,14.5,1092,Servo amplifier; Control fuse; Contactor,"Repaired electrical fault, tested control response through full axis travel.",,,
MNT-000380,MCH-005,PLANNED_PM,,2023-03-09 07:00:00,2023-03-09 09:18:00,2.3,1092,Way lube,Completed scheduled preventive maintenance per equipment checklist.,2023-03-11,2023-03-09,-2.0
MNT-000870,MCH-009,UNPLANNED_REPAIR,ENVIRONMENTAL,2023-03-09 11:30:00,2023-03-10 05:24:00,17.9,1037,Air filter; Coolant filter,"Cleared coolant and filtration issue, restored fluid levels to spec.",,,
MNT-000151,MCH-002,INSPECTION,,2023-03-10 15:00:00,2023-03-10 16:06:00,1.1,1074,Inspection consumables,"Completed condition inspection, no corrective action required.",,,
MNT-000902,MCH-009,INSPECTION,,2023-03-10 15:00:00,2023-03-10 16:54:00,1.9,1037,Inspection consumables,"Completed condition inspection, no corrective action required.",,,
MNT-000613,MCH-007,UNPLANNED_REPAIR,MECHANICAL,2023-03-12 08:00:00,2023-03-13 05:42:00,21.7,1092,Way cover; Drive belt,"Serviced mechanical assembly, verified alignment and runout on completion.",,,
MNT-001071,MCH-011,UNPLANNED_REPAIR,TOOLING,2023-03-15 12:15:00,2023-03-16 17:33:00,29.3,1051,Insert set; Collet,Replaced worn tooling and confirmed first-article dimensions within tolerance.,,,
MNT-001293,MCH-012,INSPECTION,,2023-03-15 15:00:00,2023-03-15 16:06:00,1.1,1051,Inspection consumables,"Completed condition inspection, no corrective action required.",,,
MNT-000190,MCH-003,PLANNED_PM,,2023-03-16 07:00:00,2023-03-16 11:48:00,4.8,1074,Air filter,Completed scheduled preventive maintenance per equipment checklist.,2023-03-21,2023-03-16,-5.0
MNT-000702,MCH-007,INSPECTION,,2023-03-16 15:00:00,2023-03-16 16:36:00,1.6,1074,Inspection consumables,"Completed condition inspection, no corrective action required.",,,
MNT-000444,MCH-005,INSPECTION,,2023-03-17 15:00:00,2023-03-17 16:18:00,1.3,1037,Inspection consumables,"Completed condition inspection, no corrective action required.",,,
MNT-000542,MCH-006,INSPECTION,,2023-03-17 15:00:00,2023-03-17 16:30:00,1.5,1092,Inspection consumables,"Completed condition inspection, no corrective action required.",,,
MNT-001038,MCH-011,PLANNED_PM,,2023-03-19 07:00:00,2023-03-19 10:06:00,3.1,1092,Coolant filter; Air filter,Completed scheduled preventive maintenance per equipment checklist.,2023-03-08,2023-03-19,11.0
MNT-000314,MCH-004,UNPLANNED_REPAIR,ELECTRICAL,2023-03-19 15:00:00,2023-03-20 14:54:00,23.9,1037,Contactor,"Repaired electrical fault, tested control response through full axis travel.",,,
MNT-000124,MCH-002,UNPLANNED_REPAIR,OPERATOR_INDUCED,2023-03-20 13:00:00,2023-03-21 09:18:00,20.3,1074,Fixture clamp,"Corrected setup fault, reviewed procedure with the assigned operator.",,,
MNT-000002,MCH-001,PLANNED_PM,,2023-03-21 07:00:00,2023-03-21 09:54:00,2.9,1092,Air filter,Completed scheduled preventive maintenance per equipment checklist.,2023-03-25,2023-03-21,-4.0
MNT-000941,MCH-010,PLANNED_PM,,2023-03-21 07:00:00,2023-03-21 10:48:00,3.8,1037,Coolant filter; Air filter,Completed scheduled preventive maintenance per equipment checklist.,2023-03-21,2023-03-21,0.0
MNT-000511,MCH-006,UNPLANNED_REPAIR,MECHANICAL,2023-03-22 12:15:00,2023-03-22 20:15:00,8.0,1051,Drive belt; Ball screw,"Serviced mechanical assembly, verified alignment and runout on completion.",,,
MNT-001072,MCH-011,UNPLANNED_REPAIR,TOOLING,2023-03-23 14:30:00,2023-03-24 22:36:00,32.1,1037,Tool holder; Collet; Insert set,Replaced worn tooling and confirmed first-article dimensions within tolerance.,,,
MNT-000770,MCH-008,UNPLANNED_REPAIR,TOOLING,2023-03-25 13:45:00,2023-03-26 00:15:00,10.5,1092,Tool holder; Insert set,Replaced worn tooling and confirmed first-article dimensions within tolerance.,,,
MNT-001184,MCH-011,INSPECTION,,2023-03-25 15:00:00,2023-03-25 16:48:00,1.8,1051,Inspection consumables,"Completed condition inspection, no corrective action required.",,,
MNT-000741,MCH-008,PLANNED_PM,,2023-03-26 07:00:00,2023-03-26 09:54:00,2.9,1037,Air filter,Completed scheduled preventive maintenance per equipment checklist.,2023-02-27,2023-03-26,27.0
MNT-000058,MCH-001,INSPECTION,,2023-03-26 15:00:00,2023-03-26 16:18:00,1.3,1037,Inspection consumables,"Completed condition inspection, no corrective action required.",,,
MNT-000248,MCH-003,INSPECTION,,2023-03-27 15:00:00,2023-03-27 16:54:00,1.9,1037,Inspection consumables,"Completed condition inspection, no corrective action required.",,,
MNT-000483,MCH-006,PLANNED_PM,,2023-03-28 07:00:00,2023-03-28 11:48:00,4.8,1092,Coolant filter; Air filter,Completed scheduled preventive maintenance per equipment checklist.,2023-03-09,2023-03-28,19.0
MNT-000970,MCH-010,UNPLANNED_REPAIR,MECHANICAL,2023-03-29 13:45:00,2023-03-30 03:45:00,14.0,1092,Ball screw; Drive belt; Spindle bearing,"Serviced mechanical assembly, verified alignment and runout on completion.",,,
MNT-001000,MCH-010,INSPECTION,,2023-03-30 15:00:00,2023-03-30 16:36:00,1.6,1092,Inspection consumables,"Completed condition inspection, no corrective action required.",,,
MNT-000614,MCH-007,UNPLANNED_REPAIR,OPERATOR_INDUCED,2023-03-30 16:15:00,2023-03-31 02:57:00,10.7,1051,Probe stylus,"Corrected setup fault, reviewed procedure with the assigned operator.",,,
MNT-000842,MCH-009,PLANNED_PM,,2023-04-01 07:00:00,2023-04-01 11:18:00,4.3,1051,Way lube,Completed scheduled preventive maintenance per equipment checklist.,2023-03-02,2023-04-01,30.0
MNT-001223,MCH-012,PLANNED_PM,,2023-04-01 07:00:00,2023-04-01 09:18:00,2.3,1037,Coolant filter; Air filter,Completed scheduled preventive maintenance per equipment checklist.,2023-04-06,2023-04-01,-5.0
MNT-000342,MCH-004,INSPECTION,,2023-04-03 15:00:00,2023-04-03 16:30:00,1.5,1092,Inspection consumables,"Completed condition inspection, no corrective action required.",,,
MNT-001073,MCH-011,UNPLANNED_REPAIR,MECHANICAL,2023-04-03 19:30:00,2023-04-04 19:42:00,24.2,1051,Drive belt; Ball screw; Way cover,"Serviced mechanical assembly, verified alignment and runout on completion.",,,
MNT-000742,MCH-008,PLANNED_PM,,2023-04-05 07:00:00,2023-04-05 12:42:00,5.7,1092,Air filter,Completed scheduled preventive maintenance per equipment checklist.,2023-04-10,2023-04-05,-5.0
MNT-000219,MCH-003,UNPLANNED_REPAIR,TOOLING,2023-04-05 17:30:00,2023-04-06 16:12:00,22.7,1074,Tool holder; Insert set,Replaced worn tooling and confirmed first-article dimensions within tolerance.,,,
MNT-000409,MCH-005,UNPLANNED_REPAIR,TOOLING,2023-04-06 10:15:00,2023-04-07 04:21:00,18.1,1092,Tool holder,Replaced worn tooling and confirmed first-article dimensions within tolerance.,,,
MNT-000804,MCH-008,INSPECTION,,2023-04-06 15:00:00,2023-04-06 15:54:00,0.9,1051,Inspection consumables,"Completed condition inspection, no corrective action required.",,,
MNT-000581,MCH-007,PLANNED_PM,,2023-04-09 07:00:00,2023-04-09 10:42:00,3.7,1051,Way lube,Completed scheduled preventive maintenance per equipment checklist.,,2023-04-09,
MNT-000152,MCH-002,INSPECTION,,2023-04-09 15:00:00,2023-04-09 16:18:00,1.3,1051,Inspection consumables,"Completed condition inspection, no corrective action required.",,,
MNT-000903,MCH-009,INSPECTION,,2023-04-09 15:00:00,2023-04-09 16:42:00,1.7,1037,Inspection consumables,"Completed condition inspection, no corrective action required.",,,
MNT-000315,MCH-004,UNPLANNED_REPAIR,TOOLING,2023-04-10 08:15:00,2023-04-10 14:21:00,6.1,1051,Collet; Insert set,Replaced worn tooling and confirmed first-article dimensions within tolerance.,,,
MNT-000030,MCH-001,UNPLANNED_REPAIR,TOOLING,2023-04-12 11:45:00,2023-04-13 04:21:00,16.6,1092,Insert set; Tool holder,Replaced worn tooling and confirmed first-article dimensions within tolerance.,,,
MNT-000287,MCH-004,PLANNED_PM,,2023-04-13 07:00:00,2023-04-13 09:12:00,2.2,1051,Way lube; Coolant filter,Completed scheduled preventive maintenance per equipment checklist.,2023-04-15,2023-04-13,-2.0
MNT-001294,MCH-012,INSPECTION,,2023-04-14 15:00:00,2023-04-14 15:48:00,0.8,1051,Inspection consumables,"Completed condition inspection, no corrective action required.",,,
MNT-001074,MCH-011,UNPLANNED_REPAIR,MECHANICAL,2023-04-14 20:45:00,2023-04-15 18:03:00,21.3,1092,Drive belt; Ball screw,"Serviced mechanical assembly, verified alignment and runout on completion.",,,
MNT-001253,MCH-012,UNPLANNED_REPAIR,OPERATOR_INDUCED,2023-04-15 06:45:00,2023-04-16 01:27:00,18.7,1074,Fixture clamp; Probe stylus,"Corrected setup fault, reviewed procedure with the assigned operator.",,,
MNT-000771,MCH-008,UNPLANNED_REPAIR,TOOLING,2023-04-15 10:00:00,2023-04-16 02:24:00,16.4,1051,Collet; Tool holder; Insert set,Replaced worn tooling and confirmed first-article dimensions within tolerance.,,,
MNT-000703,MCH-007,INSPECTION,,2023-04-15 15:00:00,2023-04-15 16:00:00,1.0,1092,Inspection consumables,"Completed condition inspection, no corrective action required.",,,
MNT-000445,MCH-005,INSPECTION,,2023-04-16 15:00:00,2023-04-16 15:36:00,0.6,1051,Inspection consumables,"Completed condition inspection, no corrective action required.",,,
MNT-000543,MCH-006,INSPECTION,,2023-04-16 15:00:00,2023-04-16 16:18:00,1.3,1074,Inspection consumables,"Completed condition inspection, no corrective action required.",,,
MNT-000096,MCH-002,PLANNED_PM,,2023-04-17 07:00:00,2023-04-17 11:12:00,4.2,1074,Air filter; Coolant filter,Completed scheduled preventive maintenance per equipment checklist.,2023-03-24,2023-04-17,24.0
MNT-000615,MCH-007,UNPLANNED_REPAIR,TOOLING,2023-04-17 13:30:00,2023-04-18 09:24:00,19.9,1092,Insert set; Collet,Replaced worn tooling and confirmed first-article dimensions within tolerance.,,,
MNT-000381,MCH-005,PLANNED_PM,,2023-04-18 07:00:00,2023-04-18 11:12:00,4.2,1074,Way lube,Completed scheduled preventive maintenance per equipment checklist.,2023-04-22,2023-04-18,-4.0
MNT-000871,MCH-009,UNPLANNED_REPAIR,TOOLING,2023-04-20 11:30:00,2023-04-21 10:06:00,22.6,1051,Collet; Tool holder; Insert set,Replaced worn tooling and confirmed first-article dimensions within tolerance.,,,
MNT-001039,MCH-011,PLANNED_PM,,2023-04-21 07:00:00,2023-04-21 12:48:00,5.8,1092,Way lube; Air filter,Completed scheduled preventive maintenance per equipment checklist.,2023-04-19,2023-04-21,2.0
MNT-001185,MCH-011,INSPECTION,,2023-04-24 15:00:00,2023-04-24 16:18:00,1.3,1037,Inspection consumables,"Completed condition inspection, no corrective action required.",,,
MNT-000484,MCH-006,PLANNED_PM,,2023-04-25 07:00:00,2023-04-25 12:18:00,5.3,1092,Way lube,Completed scheduled preventive maintenance per equipment checklist.,2023-04-20,2023-04-25,5.0
MNT-000059,MCH-001,INSPECTION,,2023-04-25 15:00:00,2023-04-25 16:06:00,1.1,1074,Inspection consumables,"Completed condition inspection, no corrective action required.",,,
MNT-001075,MCH-011,UNPLANNED_REPAIR,OPERATOR_INDUCED,2023-04-26 11:45:00,2023-04-27 13:03:00,25.3,1074,Fixture clamp; Probe stylus,"Corrected setup fault, reviewed procedure with the assigned operator.",,,
MNT-000249,MCH-003,INSPECTION,,2023-04-26 15:00:00,2023-04-26 17:00:00,2.0,1051,Inspection consumables,"Completed condition inspection, no corrective action required.",,,
MNT-000125,MCH-002,UNPLANNED_REPAIR,MECHANICAL,2023-04-27 16:30:00,2023-04-28 01:12:00,8.7,1037,Way cover; Drive belt; Spindle bearing,"Serviced mechanical assembly, verified alignment and runout on completion.",,,
MNT-000316,MCH-004,UNPLANNED_REPAIR,ELECTRICAL,2023-04-28 19:00:00,2023-04-29 01:30:00,6.5,1074,Contactor,"Repaired electrical fault, tested control response through full axis travel.",,,
MNT-001001,MCH-010,INSPECTION,,2023-04-29 15:00:00,2023-04-29 15:30:00,0.5,1092,Inspection consumables,"Completed condition inspection, no corrective action required.",,,
MNT-000616,MCH-007,UNPLANNED_REPAIR,TOOLING,2023-04-29 19:45:00,2023-04-30 22:33:00,26.8,1092,Collet; Insert set; Tool holder,Replaced worn tooling and confirmed first-article dimensions within tolerance.,,,
MNT-000191,MCH-003,PLANNED_PM,,2023-04-30 07:00:00,2023-04-30 11:36:00,4.6,1092,Coolant filter; Way lube,Completed scheduled preventive maintenance per equipment checklist.,2023-05-02,2023-04-30,-2.0
MNT-000003,MCH-001,PLANNED_PM,,2023-05-02 07:00:00,2023-05-02 10:48:00,3.8,1074,Coolant filter,Completed scheduled preventive maintenance per equipment checklist.,2023-05-06,2023-05-02,-4.0
MNT-000843,MCH-009,PLANNED_PM,,2023-05-03 07:00:00,2023-05-03 11:42:00,4.7,1074,Air filter; Coolant filter,Completed scheduled preventive maintenance per equipment checklist.,2023-04-13,2023-05-03,20.0
MNT-000343,MCH-004,INSPECTION,,2023-05-03 15:00:00,2023-05-03 15:36:00,0.6,1074,Inspection consumables,"Completed condition inspection, no corrective action required.",,,
MNT-000512,MCH-006,UNPLANNED_REPAIR,MECHANICAL,2023-05-03 15:45:00,2023-05-03 20:03:00,4.3,1051,Spindle bearing; Drive belt,"Serviced mechanical assembly, verified alignment and runout on completion.",,,
MNT-000772,MCH-008,UNPLANNED_REPAIR,TOOLING,2023-05-04 17:00:00,2023-05-05 08:36:00,15.6,1037,Tool holder; Insert set,Replaced worn tooling and confirmed first-article dimensions within tolerance.,,,
MNT-000971,MCH-010,UNPLANNED_REPAIR,TOOLING,2023-05-04 19:30:00,2023-05-05 18:06:00,22.6,1092,Collet,Replaced worn tooling and confirmed first-article dimensions within tolerance.,,,
MNT-000097,MCH-002,PLANNED_PM,,2023-05-05 07:00:00,2023-05-05 12:24:00,5.4,1051,Coolant filter; Air filter,Completed scheduled preventive maintenance per equipment checklist.,2023-05-05,2023-05-05,0.0
MNT-000805,MCH-008,INSPECTION,,2023-05-06 15:00:00,2023-05-06 16:54:00,1.9,1051,Inspection consumables,"Completed condition inspection, no corrective action required.",,,
MNT-000582,MCH-007,PLANNED_PM,,2023-05-07 07:00:00,2023-05-07 10:18:00,3.3,1074,Coolant filter; Way lube,Completed scheduled preventive maintenance per equipment checklist.,2023-05-07,2023-05-07,0.0
MNT-000410,MCH-005,UNPLANNED_REPAIR,TOOLING,2023-05-07 08:45:00,2023-05-08 04:03:00,19.3,1037,Collet; Insert set,Replaced worn tooling and confirmed first-article dimensions within tolerance.,,,
MNT-001076,MCH-011,UNPLANNED_REPAIR,MECHANICAL,2023-05-07 13:30:00,2023-05-07 19:30:00,6.0,1037,Ball screw; Spindle bearing,"Serviced mechanical assembly, verified alignment and runout on completion.",,,
MNT-000153,MCH-002,INSPECTION,,2023-05-09 15:00:00,2023-05-09 15:36:00,0.6,1051,Inspection consumables,"Completed condition inspection, no corrective action required.",,,
MNT-000904,MCH-009,INSPECTION,,2023-05-09 15:00:00,2023-05-09 15:48:00,0.8,1051,Inspection consumables,"Completed condition inspection, no corrective action required.",,,
MNT-001295,MCH-012,INSPECTION,,2023-05-14 15:00:00,2023-05-14 16:24:00,1.4,1074,Inspection consumables,"Completed condition inspection, no corrective action required.",,,
MNT-000704,MCH-007,INSPECTION,,2023-05-15 15:00:00,2023-05-15 16:54:00,1.9,1092,Inspection consumables,"Completed condition inspection, no corrective action required.",,,
MNT-000446,MCH-005,INSPECTION,,2023-05-16 15:00:00,2023-05-16 17:00:00,2.0,1037,Inspection consumables,"Completed condition inspection, no corrective action required.",,,
MNT-000544,MCH-006,INSPECTION,,2023-05-16 15:00:00,2023-05-16 16:48:00,1.8,1037,Inspection consumables,"Completed condition inspection, no corrective action required.",,,
MNT-000942,MCH-010,PLANNED_PM,,2023-05-17 07:00:00,2023-05-17 10:06:00,3.1,1092,Coolant filter; Air filter,Completed scheduled preventive maintenance per equipment checklist.,2023-05-02,2023-05-17,15.0
MNT-000220,MCH-003,UNPLANNED_REPAIR,ELECTRICAL,2023-05-17 09:00:00,2023-05-18 04:24:00,19.4,1037,Control fuse; Servo amplifier,"Repaired electrical fault, tested control response through full axis travel.",,,
MNT-001077,MCH-011,UNPLANNED_REPAIR,MECHANICAL,2023-05-17 17:00:00,2023-05-17 23:54:00,6.9,1074,Way cover,"Serviced mechanical assembly, verified alignment and runout on completion.",,,
MNT-000617,MCH-007,UNPLANNED_REPAIR,TOOLING,2023-05-18 15:00:00,2023-05-19 00:30:00,9.5,1037,Collet; Tool holder,Replaced worn tooling and confirmed first-article dimensions within tolerance.,,,
MNT-001254,MCH-012,UNPLANNED_REPAIR,TOOLING,2023-05-18 19:45:00,2023-05-19 05:39:00,9.9,1051,Collet; Insert set; Tool holder,Replaced worn tooling and confirmed first-article dimensions within tolerance.,,,
MNT-000743,MCH-008,PLANNED_PM,,2023-05-21 07:00:00,2023-05-21 09:36:00,2.6,1074,Coolant filter; Air filter,Completed scheduled preventive maintenance per equipment checklist.,2023-05-22,2023-05-21,-1.0
MNT-001224,MCH-012,PLANNED_PM,,2023-05-21 07:00:00,2023-05-21 10:24:00,3.4,1051,Way lube,Completed scheduled preventive maintenance per equipment checklist.,2023-05-18,2023-05-21,3.0
MNT-001186,MCH-011,INSPECTION,,2023-05-24 15:00:00,2023-05-24 16:12:00,1.2,1092,Inspection consumables,"Completed condition inspection, no corrective action required.",,,
MNT-000060,MCH-001,INSPECTION,,2023-05-25 15:00:00,2023-05-25 16:12:00,1.2,1092,Inspection consumables,"Completed condition inspection, no corrective action required.",,,
MNT-001078,MCH-011,UNPLANNED_REPAIR,MECHANICAL,2023-05-26 06:15:00,2023-05-26 11:33:00,5.3,1037,Way cover; Ball screw; Drive belt,"Serviced mechanical assembly, verified alignment and runout on completion.",,,
MNT-000288,MCH-004,PLANNED_PM,,2023-05-26 07:00:00,2023-05-26 12:54:00,5.9,1074,Way lube,Completed scheduled preventive maintenance per equipment checklist.,2023-05-27,2023-05-26,-1.0
MNT-001040,MCH-011,PLANNED_PM,,2023-05-26 07:00:00,2023-05-26 10:30:00,3.5,1074,Air filter; Coolant filter,Completed scheduled preventive maintenance per equipment checklist.,2023-05-31,2023-05-26,-5.0
MNT-000250,MCH-003,INSPECTION,,2023-05-26 15:00:00,2023-05-26 16:30:00,1.5,1051,Inspection consumables,"Completed condition inspection, no corrective action required.",,,
MNT-000513,MCH-006,UNPLANNED_REPAIR,TOOLING,2023-05-27 09:45:00,2023-05-28 03:27:00,17.7,1074,Tool holder; Collet; Insert set,Replaced worn tooling and confirmed first-article dimensions within tolerance.,,,
MNT-001002,MCH-010,INSPECTION,,2023-05-29 15:00:00,2023-05-29 15:30:00,0.5,1037,Inspection consumables,"Completed condition inspection, no corrective action required.",,,
MNT-000382,MCH-005,PLANNED_PM,,2023-06-01 07:00:00,2023-06-01 12:30:00,5.5,1092,Air filter; Way lube,Completed scheduled preventive maintenance per equipment checklist.,2023-06-03,2023-06-01,-2.0
MNT-000618,MCH-007,UNPLANNED_REPAIR,TOOLING,2023-06-01 17:30:00,2023-06-02 13:30:00,20.0,1092,Collet,Replaced worn tooling and confirmed first-article dimensions within tolerance.,,,
MNT-001079,MCH-011,UNPLANNED_REPAIR,TOOLING,2023-06-02 08:15:00,2023-06-02 12:45:00,4.5,1092,Collet; Insert set; Tool holder,Replaced worn tooling and confirmed first-article dimensions within tolerance.,,,
MNT-000344,MCH-004,INSPECTION,,2023-06-02 15:00:00,2023-06-02 15:54:00,0.9,1037,Inspection consumables,"Completed condition inspection, no corrective action required.",,,
MNT-000031,MCH-001,UNPLANNED_REPAIR,TOOLING,2023-06-03 14:15:00,2023-06-04 13:45:00,23.5,1037,Tool holder; Insert set,Replaced worn tooling and confirmed first-article dimensions within tolerance.,,,
MNT-000806,MCH-008,INSPECTION,,2023-06-05 15:00:00,2023-06-05 16:12:00,1.2,1074,Inspection consumables,"Completed condition inspection, no corrective action required.",,,
MNT-000872,MCH-009,UNPLANNED_REPAIR,MECHANICAL,2023-06-06 12:15:00,2023-06-07 06:21:00,18.1,1051,Way cover; Drive belt; Ball screw,"Serviced mechanical assembly, verified alignment and runout on completion.",,,
MNT-000773,MCH-008,UNPLANNED_REPAIR,TOOLING,2023-06-07 15:15:00,2023-06-08 14:57:00,23.7,1074,Insert set; Tool holder; Collet,Replaced worn tooling and confirmed first-article dimensions within tolerance.,,,
MNT-000154,MCH-002,INSPECTION,,2023-06-08 15:00:00,2023-06-08 16:06:00,1.1,1092,Inspection consumables,"Completed condition inspection, no corrective action required.",,,
MNT-000905,MCH-009,INSPECTION,,2023-06-08 15:00:00,2023-06-08 16:06:00,1.1,1037,Inspection consumables,"Completed condition inspection, no corrective action required.",,,
MNT-000619,MCH-007,UNPLANNED_REPAIR,TOOLING,2023-06-09 11:30:00,2023-06-09 23:36:00,12.1,1074,Collet; Insert set,Replaced worn tooling and confirmed first-article dimensions within tolerance.,,,
MNT-000192,MCH-003,PLANNED_PM,,2023-06-10 07:00:00,2023-06-10 11:30:00,4.5,1051,Way lube,Completed scheduled preventive maintenance per equipment checklist.,2023-06-13,2023-06-10,-3.0
MNT-000004,MCH-001,PLANNED_PM,,2023-06-13 07:00:00,2023-06-13 09:54:00,2.9,1074,Coolant filter,Completed scheduled preventive maintenance per equipment checklist.,2023-06-17,2023-06-13,-4.0
MNT-000943,MCH-010,PLANNED_PM,,2023-06-13 07:00:00,2023-06-13 10:24:00,3.4,1051,Air filter,Completed scheduled preventive maintenance per equipment checklist.,2023-06-13,2023-06-13,0.0
MNT-001296,MCH-012,INSPECTION,,2023-06-13 15:00:00,2023-06-13 16:00:00,1.0,1074,Inspection consumables,"Completed condition inspection, no corrective action required.",,,
MNT-001255,MCH-012,UNPLANNED_REPAIR,TOOLING,2023-06-13 15:30:00,2023-06-13 18:36:00,3.1,1092,Collet; Tool holder,Replaced worn tooling and confirmed first-article dimensions within tolerance.,,,
MNT-000972,MCH-010,UNPLANNED_REPAIR,ELECTRICAL,2023-06-13 16:45:00,2023-06-14 00:21:00,7.6,1051,Encoder; Control fuse; Contactor,"Repaired electrical fault, tested control response through full axis travel.",,,
MNT-000583,MCH-007,PLANNED_PM,,2023-06-14 07:00:00,2023-06-14 10:54:00,3.9,1074,Coolant filter; Air filter,Completed scheduled preventive maintenance per equipment checklist.,2023-06-18,2023-06-14,-4.0
MNT-001080,MCH-011,UNPLANNED_REPAIR,TOOLING,2023-06-14 08:00:00,2023-06-15 15:12:00,31.2,1092,Insert set; Collet,Replaced worn tooling and confirmed first-article dimensions within tolerance.,,,
MNT-000705,MCH-007,INSPECTION,,2023-06-14 15:00:00,2023-06-14 16:30:00,1.5,1037,Inspection consumables,"Completed condition inspection, no corrective action required.",,,
MNT-000485,MCH-006,PLANNED_PM,,2023-06-15 07:00:00,2023-06-15 09:12:00,2.2,1074,Way lube,Completed scheduled preventive maintenance per equipment checklist.,2023-06-01,2023-06-15,14.0
MNT-000317,MCH-004,UNPLANNED_REPAIR,TOOLING,2023-06-15 12:30:00,2023-06-15 20:06:00,7.6,1037,Insert set; Tool holder; Collet,Replaced worn tooling and confirmed first-article dimensions within tolerance.,,,
MNT-000447,MCH-005,INSPECTION,,2023-06-15 15:00:00,2023-06-15 16:00:00,1.0,1074,Inspection consumables,"Completed condition inspection, no corrective action required.",,,
MNT-000545,MCH-006,INSPECTION,,2023-06-15 15:00:00,2023-06-15 16:36:00,1.6,1037,Inspection consumables,"Completed condition inspection, no corrective action required.",,,
MNT-000098,MCH-002,PLANNED_PM,,2023-06-18 07:00:00,2023-06-18 09:00:00,2.0,1037,Coolant filter; Way lube,Completed scheduled preventive maintenance per equipment checklist.,2023-06-16,2023-06-18,2.0
MNT-000620,MCH-007,UNPLANNED_REPAIR,OPERATOR_INDUCED,2023-06-19 20:30:00,2023-06-20 10:54:00,14.4,1051,Probe stylus,"Corrected setup fault, reviewed procedure with the assigned operator.",,,
MNT-000411,MCH-005,UNPLANNED_REPAIR,MECHANICAL,2023-06-21 15:15:00,2023-06-22 04:27:00,13.2,1037,Ball screw,"Serviced mechanical assembly, verified alignment and runout on completion.",,,
MNT-000844,MCH-009,PLANNED_PM,,2023-06-23 07:00:00,2023-06-23 11:00:00,4.0,1074,Coolant filter,Completed scheduled preventive maintenance per equipment checklist.,2023-05-25,2023-06-23,29.0
MNT-001187,MCH-011,INSPECTION,,2023-06-23 15:00:00,2023-06-23 15:36:00,0.6,1037,Inspection consumables,"Completed condition inspection, no corrective action required.",,,
MNT-001081,MCH-011,UNPLANNED_REPAIR,TOOLING,2023-06-24 08:30:00,2023-06-24 14:18:00,5.8,1051,Insert set,Replaced worn tooling and confirmed first-article dimensions within tolerance.,,,
MNT-000061,MCH-001,INSPECTION,,2023-06-24 15:00:00,2023-06-24 16:12:00,1.2,1092,Inspection consumables,"Completed condition inspection, no corrective action required.",,,
MNT-000251,MCH-003,INSPECTION,,2023-06-25 15:00:00,2023-06-25 17:00:00,2.0,1051,Inspection consumables,"Completed condition inspection, no corrective action required.",,,
MNT-001225,MCH-012,PLANNED_PM,,2023-06-27 07:00:00,2023-06-27 09:36:00,2.6,1092,Coolant filter; Air filter,Completed scheduled preventive maintenance per equipment checklist.,2023-06-29,2023-06-27,-2.0
MNT-000621,MCH-007,UNPLANNED_REPAIR,ENVIRONMENTAL,2023-06-28 08:00:00,2023-06-28 13:48:00,5.8,1051,Air filter; Coolant filter; Seal kit,"Cleared coolant and filtration issue, restored fluid levels to spec.",,,
MNT-001003,MCH-010,INSPECTION,,2023-06-28 15:00:00,2023-06-28 15:36:00,0.6,1092,Inspection consumables,"Completed condition inspection, no corrective action required.",,,
MNT-000514,MCH-006,UNPLANNED_REPAIR,TOOLING,2023-06-29 15:15:00,2023-06-30 08:51:00,17.6,1051,Tool holder; Collet; Insert set,Replaced worn tooling and confirmed first-article dimensions within tolerance.,,,
MNT-000126,MCH-002,UNPLANNED_REPAIR,TOOLING,2023-06-30 19:30:00,2023-07-01 19:00:00,23.5,1092,Tool holder; Insert set,Replaced worn tooling and confirmed first-article dimensions within tolerance.,,,
